195 W Oakland Ave,Salt Lake City,UT,84115,10:30 AM,21
2530 S 500 E,Salt Lake City,UT,84106,,44
233 Canyon Rd,Salt Lake City,UT,84103,,2
380 W 2880 S,Salt Lake City,UT,84115,,4
410 S State St,Salt Lake City,UT,84111,,5
3060 Lester St,West Valley City,UT,84119,10:30 AM,88
1330 2100 S,Salt Lake City,UT,84106,,8
300 State St,Salt Lake City,UT,84103,,9
300 State St,Salt Lake City,UT,84103,,2
600 E 900 South,Salt Lake City,UT,84105,,1
2600 Taylorsville Blvd,Salt Lake City,UT,84118,,1
3575 W Valley Central Station bus Loop,West Valley City,UT,84119,,1
2010 W 500 S,Salt Lake City,UT,84104,10:30 AM,2
4300 S 1300 E,Millcreek,UT,84117,10:30 AM,88
4580 S 2300 E,Holladay,UT,84117,9:00 AM,4
4580 S 2300 E,Holladay,UT,84117,10:30 AM,88
3148 S 1100 W,Salt Lake City,UT,84119,,2
1488 4800 S,Salt Lake City,UT,84123,,6
177 W Price Ave,Salt Lake City,UT,84115,,37
3595 Main St,Salt Lake City,UT,84115,10:30 AM,37
3595 Main St,Salt Lake City,UT,84115,,3
6351 South 900 East,Murray,UT,84121,,2
5100 South 2700 West,Salt Lake City,UT,84118,,5
5025 State St,Murray,UT,84107,,7
5383 South 900 East #104,Salt Lake City,UT,84117,10:30 AM,7
5383 South 900 East #104,Salt Lake City,UT,84117,,25
1060 Dalton Ave S,Salt Lake City,UT,84104,,5
2835 Main St,Salt Lake City,UT,84115,,7
1330 2100 S,Salt Lake City,UT,84106,10:30 AM,2
300 State St,Salt Lake City,UT,84103,10:30 AM,1
3365 S 900 W,Salt Lake City,UT,84119,10:30 AM,1
3365 S 900 W,Salt Lake City,UT,84119,,1
2530 S 500 E,Salt Lake City,UT,84106,,1
4580 S 2300 E,Holladay,UT,84117,10:30 AM,2
1060 Dalton Ave S,Salt Lake City,UT,84104,,88
2300 Parkway Blvd,West Valley City,UT,84119,,88
410 S State St,Salt Lake City,UT,84111,10:30 AM,2
410 S State St,Salt Lake City,UT,84111,,9
2010 W 500 S,Salt Lake City,UT,84104,,9
380 W 2880 S,Salt Lake City,UT,84115,10:30 AM,45
